category,likeCount,commentCount,video_count,duration,avg_duration,like_engagement,comment_engagement
python tutorials for beginners,3250544,164805,73,4 days 23:13:41,0 days 01:37:59.739726027,44528.0,2257.6027397260273
python tutorials (non-en),3137884,136299,197,6 days 07:49:27,0 days 00:46:14.451776649,15928.345177664974,691.8730964467005
wildlife,2350786,128350,62,0 days 09:17:49,0 days 00:08:59.822580645,37915.903225806454,2070.1612903225805
python tutorials in hindi,804373,99926,20,2 days 03:56:35,0 days 02:35:49.750000,40218.65,4996.3
python tutorials in russian,710468,34717,33,0 days 23:22:28,0 days 00:42:29.939393939,21529.333333333332,1052.030303030303
machine learning and ai,363527,13859,40,2 days 10:26:33,0 days 01:27:39.825000,9088.175,346.475
movies,311867,10785,15,0 days 09:24:00,0 days 00:37:36,20791.133333333335,719.0
general purpose programming,265861,14455,18,1 days 02:24:26,0 days 01:28:01.444444444,14770.055555555555,803.0555555555555
